{
  "1": {
    "pagerank": 0.0008281800885140665,
    "degree": 0.09538950715421304,
    "betweenness": 0.013793857534069821,
    "graph_score": 0.6666666666666666
  },
  "2": {
    "pagerank": 0.0008281800885140665,
    "degree": 0.05882352941176471,
    "betweenness": 0.0047950852163506745,
    "graph_score": 0.2598668961735789
  },
  "3": {
    "pagerank": 0.0008281800885140665,
    "degree": 0.05882352941176471,
    "betweenness": 0.004188201062430025,
    "graph_score": 0.24418304916264147
  },
  "4": {
    "pagerank": 0.0008281800885140665,
    "degree": 0.09538950715421304,
    "betweenness": 0.012825073087253563,
    "graph_score": 0.6416301470075482
  },
  "5": {
    "pagerank": 0.0008281800885140665,
    "degree": 0.08744038155802862,
    "betweenness": 0.011550968129375562,
    "graph_score": 0.5708243711589144
  },
  "6": {
    "pagerank": 0.0008281800885140665,
    "degree": 0.05882352941176471,
    "betweenness": 0.005234732266354424,
    "graph_score": 0.2712287961779252
  },
  "7": {
    "pagerank": 0.0008281800885140665,
    "degree": 0.08108108108108109,
    "betweenness": 0.009209087358312423,
    "graph_score": 0.4799995765390442
  },
  "8": {
    "pagerank": 0.0008281800885140665,
    "degree": 0.06677265500794913,
    "betweenness": 0.006966911676341305,
    "graph_score": 0.3538726956290317
  },
  "9": {
    "pagerank": 0.0008281800885140665,
    "degree": 0.08903020667726551,
    "betweenness": 0.011903108088173481,
    "graph_score": 0.587500562820065
  },
  "10": {
    "pagerank": 0.0008281800885140665,
    "degree": 0.0794912559618442,
    "betweenness": 0.009071201947871085,
    "graph_score": 0.4688604145335756
  },
  "11": {
    "pagerank": 0.0008281800885140665,
    "degree": 0.055643879173290944,
    "betweenness": 0.005268231139038244,
    "graph_score": 0.2569430001110455
  },
  "12": {
    "pagerank": 0.0008281800885140665,
    "degree": 0.05405405405405406,
    "betweenness": 0.004723655443064964,
    "graph_score": 0.23529364735844557
  },
  "13": {
    "pagerank": 0.0008281800885140665,
    "degree": 0.07790143084260732,
    "betweenness": 0.009487021458993286,
    "graph_score": 0.47203077638517765
  },
  "14": {
    "pagerank": 0.0008281800885140665,
    "degree": 0.06518282988871224,
    "betweenness": 0.006948273441690279,
    "graph_score": 0.3458152658610902
  },
  "15": {
    "pagerank": 0.0008281800885140665,
    "degree": 0.05882352941176471,
    "betweenness": 0.00516356755708987,
    "graph_score": 0.2693896702006319
  },
  "16": {
    "pagerank": 0.0008281800885140665,
    "degree": 0.05882352941176471,
    "betweenness": 0.005496812178137165,
    "graph_score": 0.27800178771920364
  },
  "17": {
    "pagerank": 0.0008281800885140665,
    "degree": 0.041335453100158986,
    "betweenness": 0.0021486814270428416,
    "graph_score": 0.10814194000328493
  },
  "18": {
    "pagerank": 0.0008281800885140665,
    "degree": 0.07154213036565978,
    "betweenness": 0.007733019571312904,
    "graph_score": 0.39639867119107447
  },
  "19": {
    "pagerank": 0.0008281800885140665,
    "degree": 0.055643879173290944,
    "betweenness": 0.004245167938880979,
    "graph_score": 0.23050374212395272
  },
  "20": {
    "pagerank": 0.0008281800885140665,
    "degree": 0.07472178060413355,
    "betweenness": 0.009429270376612446,
    "graph_score": 0.45538678670631544
  },
  "21": {
    "pagerank": 0.0008281800885140665,
    "degree": 0.057233704292527825,
    "betweenness": 0.004285283878524135,
    "graph_score": 0.23911622517029407
  },
  "22": {
    "pagerank": 0.0008281800885140665,
    "degree": 0.06677265500794913,
    "betweenness": 0.0063070034831970104,
    "graph_score": 0.33681853615613083
  },
  "23": {
    "pagerank": 0.0008281800885140665,
    "degree": 0.06041335453100159,
    "betweenness": 0.006060677214239841,
    "graph_score": 0.30014963933287436
  },
  "24": {
    "pagerank": 0.0008281800885140665,
    "degree": 0.08108108108108109,
    "betweenness": 0.009956909583887107,
    "graph_score": 0.4993257186067206
  },
  "25": {
    "pagerank": 0.0008281800885140665,
    "degree": 0.05882352941176471,
    "betweenness": 0.004751218678180385,
    "graph_score": 0.258733243121151
  },
  "26": {
    "pagerank": 0.0008281800885140665,
    "degree": 0.08426073131955486,
    "betweenness": 0.010297113387016513,
    "graph_score": 0.5232691990226942
  },
  "27": {
    "pagerank": 0.0008281800885140665,
    "degree": 0.05882352941176471,
    "betweenness": 0.00497678259716758,
    "graph_score": 0.2645625434476268
  },
  "28": {
    "pagerank": 0.0008281800885140665,
    "degree": 0.05882352941176471,
    "betweenness": 0.004870424940088591,
    "graph_score": 0.2618139180117966
  },
  "29": {
    "pagerank": 0.0008281800885140665,
    "degree": 0.05405405405405406,
    "betweenness": 0.0043706134112808,
    "graph_score": 0.22616990079303878
  },
  "30": {
    "pagerank": 0.0008281800885140665,
    "degree": 0.06200317965023848,
    "betweenness": 0.005764047769733653,
    "graph_score": 0.30005953383325057
  },
  "31": {
    "pagerank": 0.0008281800885140665,
    "degree": 0.0699523052464229,
    "betweenness": 0.006518761419515141,
    "graph_score": 0.3574425604432192
  },
  "32": {
    "pagerank": 0.0008281800885140665,
    "degree": 0.05405405405405406,
    "betweenness": 0.0032230578545799225,
    "graph_score": 0.1965133581537645
  },
  "33": {
    "pagerank": 0.0008281800885140665,
    "degree": 0.07631160572337044,
    "betweenness": 0.008897495836313581,
    "graph_score": 0.4492197723206066
  },
  "34": {
    "pagerank": 0.0008281800885140665,
    "degree": 0.07313195548489666,
    "betweenness": 0.007783274108310757,
    "graph_score": 0.40527316834470356
  },
  "35": {
    "pagerank": 0.0008281800885140665,
    "degree": 0.07154213036565978,
    "betweenness": 0.00796839373852527,
    "graph_score": 0.4024815000226347
  },
  "36": {
    "pagerank": 0.0008281800885140665,
    "degree": 0.041335453100158986,
    "betweenness": 0.0030242792153453092,
    "graph_score": 0.13077021537698436
  },
  "37": {
    "pagerank": 0.0008281800885140665,
    "degree": 0.05246422893481718,
    "betweenness": 0.0032141707793269672,
    "graph_score": 0.18870792984473508
  },
  "38": {
    "pagerank": 0.0008281800885140665,
    "degree": 0.04292527821939587,
    "betweenness": 0.0027513836882243027,
    "graph_score": 0.131293470972447
  },
  "39": {
    "pagerank": 0.0008281800885140665,
    "degree": 0.07790143084260732,
    "betweenness": 0.00954241419529615,
    "graph_score": 0.47346230363148784
  },
  "40": {
    "pagerank": 0.0008281800885140665,
    "degree": 0.05087440381558029,
    "betweenness": 0.003306631061204333,
    "graph_score": 0.18352164463563012
  },
  "41": {
    "pagerank": 0.0008281800885140665,
    "degree": 0.07631160572337044,
    "betweenness": 0.008490373750101707,
    "graph_score": 0.43869842244902046
  },
  "42": {
    "pagerank": 0.0008281800885140665,
    "degree": 0.041335453100158986,
    "betweenness": 0.002676490205003905,
    "graph_score": 0.12178222385497617
  },
  "43": {
    "pagerank": 0.0008281800885140665,
    "degree": 0.05087440381558029,
    "betweenness": 0.004310091695212275,
    "graph_score": 0.2094543089894543
  },
  "44": {
    "pagerank": 0.0008281800885140665,
    "degree": 0.07313195548489666,
    "betweenness": 0.008470813483558859,
    "graph_score": 0.4230414068227124
  },
  "45": {
    "pagerank": 0.0008281800885140665,
    "degree": 0.08426073131955486,
    "betweenness": 0.010181888772940902,
    "graph_score": 0.5202914227743257
  },
  "46": {
    "pagerank": 0.0008281800885140665,
    "degree": 0.0699523052464229,
    "betweenness": 0.006800111210448314,